{
  "m": 4096,
  "in_features": 4096,
  "out_features": 4096,
  "rank": 32,
  "dtype": "fp16",
  "fp16_ms": 0.6466175985336303,
  "fp4_gemm_ms": 0.1391027182340622,
  "fp4_hybrid_ms": 0.18307583928108215,
  "fp4_gemm_speedup_vs_fp16": 4.648490027675768,
  "fp4_hybrid_speedup_vs_fp16": 3.5319657748003426,
  "fp4_gemm_mae_vs_fp16": 73.5331039428711,
  "fp4_hybrid_mae_vs_fp16": 73.01143646240234
}