{
  "m": 4096,
  "in_features": 4096,
  "out_features": 4096,
  "rank": 32,
  "dtype": "fp16",
  "fp16_ms": 0.6441312003135681,
  "fp4_gemm_ms": 0.14177535951137543,
  "fp4_hybrid_ms": 0.18614720016717912,
  "fp4_gemm_speedup_vs_fp16": 4.5433226375411575,
  "fp4_hybrid_speedup_vs_fp16": 3.4603324666450677,
  "fp4_gemm_mae_vs_fp16": 73.5331039428711,
  "fp4_hybrid_mae_vs_fp16": 73.01144409179688
}