{
  "m": 4096,
  "in_features": 4096,
  "out_features": 4096,
  "rank": 32,
  "dtype": "fp16",
  "repack_python_ms": 1.3390687942504882,
  "repack_ms": 0.04169120043516159,
  "fp16_dx_ms": 0.608881601691246,
  "fp4_dx_ms": 0.1870528019964695,
  "fp4_dx_hybrid_unfused_ms": 0.27340640127658844,
  "fp4_dx_hybrid_fused_ms": 0.22917760014533997,
  "fp16_full_backward_ms": 0.7494320005178452,
  "fp4_full_backward_unfused_ms": 0.3510848000645638,
  "fp4_full_backward_fused_ms": 0.3152064010500908,
  "fp4_full_backward_shared_recompute_ms": 0.30913280248641967,
  "fp4_full_backward_shared_cached_ms": 0.29514880329370496,
  "fp4_dx_speedup_vs_fp16": 3.2551322150348665,
  "fp4_dx_hybrid_unfused_speedup_vs_fp16": 2.227020284997929,
  "fp4_dx_hybrid_fused_speedup_vs_fp16": 2.656811142559767,
  "fp4_full_backward_unfused_speedup_vs_fp16": 2.1346181901923016,
  "fp4_full_backward_fused_speedup_vs_fp16": 2.37759131166486,
  "fp4_full_backward_shared_recompute_speedup_vs_fp16": 2.4243043588063355,
  "fp4_full_backward_shared_cached_speedup_vs_fp16": 2.5391666581554095,
  "repack_speedup_vs_python": 32.118739212918946,
  "repack_over_fp4_dx": 0.22288466139068305,
  "repack_over_fp4_dx_hybrid_fused": 0.18191655907349516,
  "repack_python_over_fp4_dx": 7.158774313767094,
  "shared_cached_over_fused_full_backward": 0.9363667816086058,
  "shared_recompute_over_fused_full_backward": 0.9807313603294943,
  "fp4_dx_mae_vs_fp16": 73.82215881347656,
  "fp4_dx_hybrid_mae_vs_fp16": 73.30429077148438
}