{
  "shape": {
    "m": 256,
    "in_features": 4096,
    "out_features": 4096,
    "rank": 32,
    "dtype": "fp16"
  },
  "errors": {
    "pure_dx_vs_fp16": {
      "max_abs": 468.375,
      "mae": 73.74181365966797,
      "rel_l2": 1.446328091653875
    },
    "hybrid_dx_vs_reference": {
      "max_abs": 468.375,
      "mae": 73.74185180664062,
      "rel_l2": 1.3851443554070226
    },
    "hybrid_dx_fused_vs_unfused": {
      "max_abs": 0.25,
      "mae": 0.0038852377329021692,
      "rel_l2": 0.00018563749997600745
    },
    "qweight_bwd_cuda_vs_reference": {
      "max_abs": 0.0,
      "mae": 0.0,
      "rel_l2": 0.0
    },
    "full_dx_vs_reference": {
      "max_abs": 468.375,
      "mae": 73.74185180664062,
      "rel_l2": 1.3851443554070226
    },
    "full_lora_up_grad_vs_reference": {
      "max_abs": 0.0,
      "mae": 0.0,
      "rel_l2": 0.0
    },
    "full_lora_down_grad_vs_reference": {
      "max_abs": 0.0,
      "mae": 0.0,
      "rel_l2": 0.0
    },
    "full_dx_fused_vs_unfused": {
      "max_abs": 0.25,
      "mae": 0.0038852961733937263,
      "rel_l2": 0.00018564268541046221
    },
    "full_shared_cached_dx_vs_reference": {
      "max_abs": 468.375,
      "mae": 73.74185180664062,
      "rel_l2": 1.3851443554070226
    },
    "full_shared_cached_up_vs_reference": {
      "max_abs": 0.0,
      "mae": 0.0,
      "rel_l2": 0.0
    },
    "full_shared_cached_down_vs_reference": {
      "max_abs": 0.0,
      "mae": 0.0,
      "rel_l2": 0.0
    },
    "full_shared_cached_dx_vs_fused": {
      "max_abs": 0.125,
      "mae": 1.6860285541042686e-06,
      "rel_l2": 3.7328449329031286e-06
    },
    "full_shared_cached_up_vs_fused": {
      "max_abs": 0.0,
      "mae": 0.0,
      "rel_l2": 0.0
    },
    "full_shared_cached_down_vs_fused": {
      "max_abs": 0.0,
      "mae": 0.0,
      "rel_l2": 0.0
    },
    "decoded_dy_up_vs_reference": {
      "max_abs": 0.25,
      "mae": 0.020540861412882805,
      "rel_l2": 0.00032527251444727415
    },
    "full_shared_packed_dx_vs_reference": {
      "max_abs": 468.375,
      "mae": 73.74185180664062,
      "rel_l2": 1.3851443554070226
    },
    "full_shared_packed_up_vs_reference": {
      "max_abs": 0.0,
      "mae": 0.0,
      "rel_l2": 0.0
    },
    "full_shared_packed_down_vs_reference": {
      "max_abs": 8.0,
      "mae": 0.5182770490646362,
      "rel_l2": 0.00042214371558080537
    },
    "full_shared_packed_dx_vs_fused": {
      "max_abs": 0.125,
      "mae": 2.0162879081908613e-06,
      "rel_l2": 4.338114203550782e-06
    },
    "full_shared_packed_up_vs_fused": {
      "max_abs": 0.0,
      "mae": 0.0,
      "rel_l2": 0.0
    },
    "full_shared_packed_down_vs_fused": {
      "max_abs": 8.0,
      "mae": 0.5182770490646362,
      "rel_l2": 0.00042214371558080537
    }
  },
  "checks": {
    "qweight_roundtrip_exact": true,
    "wscale_roundtrip_exact": true,
    "qweight_bwd_cuda_matches_reference": true,
    "hybrid_dx_fused_vs_unfused_rel_l2_lt_5e-4": true,
    "full_up_rel_l2_lt_1e-5": true,
    "full_down_rel_l2_lt_1e-5": true,
    "full_fused_vs_unfused_dx_rel_l2_lt_5e-4": true,
    "full_shared_cached_dx_matches_fused_rel_l2_lt_5e-4": true,
    "full_shared_cached_up_rel_l2_lt_1e-5": true,
    "full_shared_cached_down_rel_l2_lt_5e-4": true,
    "full_shared_cached_vs_recompute_dx_rel_l2_lt_5e-4": true,
    "full_shared_cached_vs_recompute_down_rel_l2_lt_5e-4": true,
    "decoded_dy_up_rel_l2_lt_5e-4": true,
    "full_shared_packed_dx_matches_fused_rel_l2_lt_5e-4": true,
    "full_shared_packed_up_rel_l2_lt_1e-5": true,
    "full_shared_packed_down_rel_l2_lt_5e-4": true,
    "pure_dx_all_finite": true,
    "hybrid_dx_all_finite": true
  },
  "all_passed": true
}