{
  "m": 256,
  "in_features": 512,
  "out_features": 512,
  "rank": 32,
  "dtype": "fp16",
  "repack_ms": 0.3005791962146759,
  "fp16_dx_ms": 0.009449599776417017,
  "fp4_dx_ms": 0.3468831956386566,
  "fp4_dx_hybrid_unfused_ms": 0.37671680450439454,
  "fp4_dx_hybrid_fused_ms": 0.34199040234088895,
  "fp16_full_backward_ms": 0.04572799950838089,
  "fp4_full_backward_unfused_ms": 0.4092160016298294,
  "fp4_full_backward_fused_ms": 0.39003199636936187,
  "fp4_dx_speedup_vs_fp16": 0.02724144581007762,
  "fp4_dx_hybrid_unfused_speedup_vs_fp16": 0.025084094108434665,
  "fp4_dx_hybrid_fused_speedup_vs_fp16": 0.027631184126032438,
  "fp4_full_backward_unfused_speedup_vs_fp16": 0.11174538465322709,
  "fp4_full_backward_fused_speedup_vs_fp16": 0.11724166205348008,
  "repack_over_fp4_dx": 0.8665141465307101,
  "repack_over_fp4_dx_hybrid_fused": 0.8789112038152017,
  "fp4_dx_mae_vs_fp16": 25.336536407470703,
  "fp4_dx_hybrid_mae_vs_fp16": 24.184558868408203
}