{
  "m": 4096,
  "in_features": 4096,
  "out_features": 4096,
  "rank": 32,
  "dtype": "fp16",
  "repack_python_ms": 1.3375072002410888,
  "repack_ms": 0.041225599870085713,
  "fp16_dx_ms": 0.6080799967050552,
  "fp4_dx_ms": 0.18564160242676736,
  "fp4_dx_hybrid_unfused_ms": 0.2726960003376007,
  "fp4_dx_hybrid_fused_ms": 0.2304848000407219,
  "fp16_full_backward_ms": 0.7468895941972733,
  "fp4_full_backward_unfused_ms": 0.35036959648132326,
  "fp4_full_backward_fused_ms": 0.3139967992901802,
  "fp4_full_backward_shared_recompute_ms": 0.3089215993881226,
  "fp4_full_backward_shared_cached_ms": 0.293451201915741,
  "fp4_full_backward_shared_packed_ms": 0.2771999999880791,
  "fp4_full_backward_shared_dual_ms": 0.28799520134925843,
  "fp4_dx_speedup_vs_fp16": 3.275558865879393,
  "fp4_dx_hybrid_unfused_speedup_vs_fp16": 2.2298823450004597,
  "fp4_dx_hybrid_fused_speedup_vs_fp16": 2.6382650682284474,
  "fp4_full_backward_unfused_speedup_vs_fp16": 2.13171919509599,
  "fp4_full_backward_fused_speedup_vs_fp16": 2.3786535273152105,
  "fp4_full_backward_shared_recompute_speedup_vs_fp16": 2.4177318636075587,
  "fp4_full_backward_shared_cached_speedup_vs_fp16": 2.545191804706694,
  "fp4_full_backward_shared_packed_speedup_vs_fp16": 2.694406905589441,
  "fp4_full_backward_shared_dual_speedup_vs_fp16": 2.59340985786601,
  "repack_speedup_vs_python": 32.44360796340082,
  "repack_over_fp4_dx": 0.22207091153691455,
  "repack_over_fp4_dx_hybrid_fused": 0.1788647228051568,
  "repack_python_over_fp4_dx": 7.20478159397872,
  "shared_cached_over_fused_full_backward": 0.9345674942519016,
  "shared_recompute_over_fused_full_backward": 0.9838367782298081,
  "shared_packed_over_fused_full_backward": 0.8828115465339653,
  "shared_packed_over_cached_full_backward": 0.9446204281271674,
  "shared_dual_over_fused_full_backward": 0.9171915191501924,
  "shared_dual_over_packed_full_backward": 1.038943727855857,
  "fp4_dx_mae_vs_fp16": 73.82215881347656,
  "fp4_dx_hybrid_mae_vs_fp16": 73.30429077148438
}