{
  "m": 4096,
  "in_features": 4096,
  "out_features": 4096,
  "rank": 32,
  "dtype": "fp16",
  "repack_python_ms": 1.3406303882598878,
  "repack_ms": 0.04176160022616386,
  "fp16_dx_ms": 0.6082479953765869,
  "fp4_dx_ms": 0.18471840098500253,
  "fp4_dx_hybrid_unfused_ms": 0.2716751992702484,
  "fp4_dx_hybrid_fused_ms": 0.22780479937791825,
  "fp16_full_backward_ms": 0.7484927982091903,
  "fp4_full_backward_unfused_ms": 0.3490543976426125,
  "fp4_full_backward_fused_ms": 0.31356640011072157,
  "fp4_dx_speedup_vs_fp16": 3.2928392197698333,
  "fp4_dx_hybrid_unfused_speedup_vs_fp16": 2.238879356711296,
  "fp4_dx_hybrid_fused_speedup_vs_fp16": 2.670040302212992,
  "fp4_full_backward_unfused_speedup_vs_fp16": 2.144344272022472,
  "fp4_full_backward_fused_speedup_vs_fp16": 2.387031256999776,
  "repack_speedup_vs_python": 32.101987974588575,
  "repack_over_fp4_dx": 0.2260825126434184,
  "repack_over_fp4_dx_hybrid_fused": 0.18332186301695594,
  "repack_python_over_fp4_dx": 7.257698102143786,
  "fp4_dx_mae_vs_fp16": 73.82215881347656,
  "fp4_dx_hybrid_mae_vs_fp16": 73.30429077148438
}