{
  "shape": {
    "m": 256,
    "in_features": 4096,
    "out_features": 4096,
    "rank": 32,
    "dtype": "fp16"
  },
  "errors": {
    "pure_dx_vs_fp16": {
      "max_abs": 468.375,
      "mae": 73.74181365966797,
      "rel_l2": 1.446328091653875
    },
    "hybrid_dx_vs_reference": {
      "max_abs": 468.375,
      "mae": 73.74185180664062,
      "rel_l2": 1.3851443554070226
    },
    "hybrid_dx_fused_vs_unfused": {
      "max_abs": 0.25,
      "mae": 0.0038855019956827164,
      "rel_l2": 0.0001856563809774523
    },
    "qweight_bwd_cuda_vs_reference": {
      "max_abs": 0.0,
      "mae": 0.0,
      "rel_l2": 0.0
    },
    "full_dx_vs_reference": {
      "max_abs": 468.375,
      "mae": 73.74185180664062,
      "rel_l2": 1.3851443554070226
    },
    "full_lora_up_grad_vs_reference": {
      "max_abs": 0.0,
      "mae": 0.0,
      "rel_l2": 0.0
    },
    "full_lora_down_grad_vs_reference": {
      "max_abs": 0.0,
      "mae": 0.0,
      "rel_l2": 0.0
    },
    "full_dx_fused_vs_unfused": {
      "max_abs": 0.25,
      "mae": 0.003885468700900674,
      "rel_l2": 0.00018563892289205836
    },
    "full_shared_cached_dx_vs_reference": {
      "max_abs": 468.375,
      "mae": 73.74185180664062,
      "rel_l2": 1.3851443554070226
    },
    "full_shared_cached_up_vs_reference": {
      "max_abs": 0.0,
      "mae": 0.0,
      "rel_l2": 0.0
    },
    "full_shared_cached_down_vs_reference": {
      "max_abs": 0.0,
      "mae": 0.0,
      "rel_l2": 0.0
    },
    "full_shared_cached_dx_vs_fused": {
      "max_abs": 0.0625,
      "mae": 2.6429479476064444e-06,
      "rel_l2": 4.2360388023919235e-06
    },
    "full_shared_cached_up_vs_fused": {
      "max_abs": 0.0,
      "mae": 0.0,
      "rel_l2": 0.0
    },
    "full_shared_cached_down_vs_fused": {
      "max_abs": 0.0,
      "mae": 0.0,
      "rel_l2": 0.0
    },
    "decoded_dy_up_vs_reference": {
      "max_abs": 0.25,
      "mae": 0.020537275820970535,
      "rel_l2": 0.00032523876263772656
    },
    "full_shared_packed_dx_vs_reference": {
      "max_abs": 468.375,
      "mae": 73.74185180664062,
      "rel_l2": 1.3851443554070226
    },
    "full_shared_packed_up_vs_reference": {
      "max_abs": 0.0,
      "mae": 0.0,
      "rel_l2": 0.0
    },
    "full_shared_packed_down_vs_reference": {
      "max_abs": 8.0,
      "mae": 0.5182914137840271,
      "rel_l2": 0.0004221442193431768
    },
    "full_shared_packed_dx_vs_fused": {
      "max_abs": 0.0625,
      "mae": 2.6429479476064444e-06,
      "rel_l2": 4.2360388023919235e-06
    },
    "full_shared_packed_up_vs_fused": {
      "max_abs": 0.0,
      "mae": 0.0,
      "rel_l2": 0.0
    },
    "full_shared_packed_down_vs_fused": {
      "max_abs": 8.0,
      "mae": 0.5182914137840271,
      "rel_l2": 0.0004221442193431768
    },
    "full_shared_packed_overlap_dx_vs_reference": {
      "max_abs": 468.375,
      "mae": 73.74185180664062,
      "rel_l2": 1.3851443554070226
    },
    "full_shared_packed_overlap_up_vs_reference": {
      "max_abs": 0.0,
      "mae": 0.0,
      "rel_l2": 0.0
    },
    "full_shared_packed_overlap_down_vs_reference": {
      "max_abs": 8.0,
      "mae": 0.5182876586914062,
      "rel_l2": 0.0004221439674619911
    },
    "full_shared_packed_overlap_dx_vs_fused": {
      "max_abs": 0.0625,
      "mae": 2.6382622309029102e-06,
      "rel_l2": 4.235660412587347e-06
    },
    "full_shared_packed_overlap_up_vs_fused": {
      "max_abs": 0.0,
      "mae": 0.0,
      "rel_l2": 0.0
    },
    "full_shared_packed_overlap_down_vs_fused": {
      "max_abs": 8.0,
      "mae": 0.5182876586914062,
      "rel_l2": 0.0004221439674619911
    },
    "dual_dy_up_vs_reference": {
      "max_abs": 0.25,
      "mae": 0.020540984347462654,
      "rel_l2": 0.0003252736913472335
    },
    "dual_packed_vs_standard": {
      "max_abs": 0.0001220703125,
      "mae": 1.2207136023789644e-05,
      "rel_l2": 1.3921940266853203e-07
    },
    "full_shared_dual_dx_vs_reference": {
      "max_abs": 468.375,
      "mae": 73.74185180664062,
      "rel_l2": 1.3851443554070226
    },
    "full_shared_dual_up_vs_reference": {
      "max_abs": 0.0,
      "mae": 0.0,
      "rel_l2": 0.0
    },
    "full_shared_dual_down_vs_reference": {
      "max_abs": 8.0,
      "mae": 0.5182817578315735,
      "rel_l2": 0.0004221418264719125
    },
    "full_shared_dual_dx_vs_fused": {
      "max_abs": 0.0625,
      "mae": 2.638495061546564e-06,
      "rel_l2": 4.235662122823752e-06
    },
    "full_shared_dual_up_vs_fused": {
      "max_abs": 0.0,
      "mae": 0.0,
      "rel_l2": 0.0
    },
    "full_shared_dual_down_vs_fused": {
      "max_abs": 8.0,
      "mae": 0.5182817578315735,
      "rel_l2": 0.0004221418264719125
    }
  },
  "checks": {
    "qweight_roundtrip_exact": true,
    "wscale_roundtrip_exact": true,
    "qweight_bwd_cuda_matches_reference": true,
    "hybrid_dx_fused_vs_unfused_rel_l2_lt_5e-4": true,
    "full_up_rel_l2_lt_1e-5": true,
    "full_down_rel_l2_lt_1e-5": true,
    "full_fused_vs_unfused_dx_rel_l2_lt_5e-4": true,
    "full_shared_cached_dx_matches_fused_rel_l2_lt_5e-4": true,
    "full_shared_cached_up_rel_l2_lt_1e-5": true,
    "full_shared_cached_down_rel_l2_lt_5e-4": true,
    "full_shared_cached_vs_recompute_dx_rel_l2_lt_5e-4": true,
    "full_shared_cached_vs_recompute_down_rel_l2_lt_5e-4": true,
    "decoded_dy_up_rel_l2_lt_5e-4": true,
    "full_shared_packed_dx_matches_fused_rel_l2_lt_5e-4": true,
    "full_shared_packed_up_rel_l2_lt_1e-5": true,
    "full_shared_packed_down_rel_l2_lt_5e-4": true,
    "full_shared_packed_overlap_dx_matches_fused_rel_l2_lt_5e-4": true,
    "full_shared_packed_overlap_up_rel_l2_lt_1e-5": true,
    "full_shared_packed_overlap_down_rel_l2_lt_5e-4": true,
    "dual_dy_up_rel_l2_lt_5e-4": true,
    "dual_packed_matches_standard_rel_l2_lt_5e-4": true,
    "full_shared_dual_dx_matches_fused_rel_l2_lt_5e-4": true,
    "full_shared_dual_up_rel_l2_lt_1e-5": true,
    "full_shared_dual_down_rel_l2_lt_5e-4": true,
    "pure_dx_all_finite": true,
    "hybrid_dx_all_finite": true
  },
  "all_passed": true
}