{
  "m": 4096,
  "in_features": 4096,
  "out_features": 4096,
  "rank": 32,
  "dtype": "fp16",
  "repack_python_ms": 1.4378000020980835,
  "repack_ms": 0.04136000033468008,
  "fp16_dx_ms": 0.6078415989875794,
  "fp4_dx_ms": 0.1873520016670227,
  "fp4_dx_hybrid_unfused_ms": 0.26295839846134184,
  "fp4_dx_hybrid_fused_ms": 0.2279743991792202,
  "fp16_full_backward_ms": 0.7520336031913757,
  "fp4_full_backward_unfused_ms": 0.34917600005865096,
  "fp4_full_backward_fused_ms": 0.31168799847364426,
  "fp4_full_backward_shared_recompute_ms": 0.30713439732789993,
  "fp4_full_backward_shared_cached_ms": 0.2916784018278122,
  "fp4_full_backward_shared_packed_ms": 0.2769759982824326,
  "fp4_full_backward_shared_packed_overlap_ms": 0.26729920208454133,
  "fp4_full_backward_shared_dual_ms": 0.2955600038170815,
  "fp4_dx_speedup_vs_fp16": 3.2443827318583187,
  "fp4_dx_hybrid_unfused_speedup_vs_fp16": 2.3115504298180447,
  "fp4_dx_hybrid_fused_speedup_vs_fp16": 2.666271305795743,
  "fp4_full_backward_unfused_speedup_vs_fp16": 2.153737951821021,
  "fp4_full_backward_fused_speedup_vs_fp16": 2.4127769014980736,
  "fp4_full_backward_shared_recompute_speedup_vs_fp16": 2.4485489405750167,
  "fp4_full_backward_shared_cached_speedup_vs_fp16": 2.5782971878573546,
  "fp4_full_backward_shared_packed_speedup_vs_fp16": 2.71515802038748,
  "fp4_full_backward_shared_packed_overlap_speedup_vs_fp16": 2.8134524806906183,
  "fp4_full_backward_shared_dual_speedup_vs_fp16": 2.5444363022027847,
  "repack_speedup_vs_python": 34.76305586227227,
  "repack_over_fp4_dx": 0.22076092044209092,
  "repack_over_fp4_dx_hybrid_fused": 0.18142388129364148,
  "repack_python_over_fp4_dx": 7.67432420953505,
  "shared_cached_over_fused_full_backward": 0.9358024795827227,
  "shared_recompute_over_fused_full_backward": 0.9853905149763751,
  "shared_packed_over_fused_full_backward": 0.8886322208067089,
  "shared_packed_over_cached_full_backward": 0.9495937873587947,
  "shared_packed_overlap_over_fused_full_backward": 0.857585801806686,
  "shared_packed_overlap_over_packed_full_backward": 0.9650626904211974,
  "shared_dual_over_fused_full_backward": 0.9482559651460993,
  "shared_dual_over_packed_full_backward": 1.0670960864836339,
  "fp4_dx_mae_vs_fp16": 73.82215881347656,
  "fp4_dx_hybrid_mae_vs_fp16": 73.30429077148438
}