{
  "shape": {
    "m": 256,
    "in_features": 4096,
    "out_features": 4096,
    "rank": 32,
    "dtype": "fp16"
  },
  "errors": {
    "pure_dx_vs_fp16": {
      "max_abs": 468.375,
      "mae": 73.74181365966797,
      "rel_l2": 1.446328091653875
    },
    "hybrid_dx_vs_reference": {
      "max_abs": 468.375,
      "mae": 73.74185180664062,
      "rel_l2": 1.3851443554070226
    },
    "hybrid_dx_fused_vs_unfused": {
      "max_abs": 0.25,
      "mae": 0.003885264741256833,
      "rel_l2": 0.0001856404142175348
    },
    "qweight_bwd_cuda_vs_reference": {
      "max_abs": 0.0,
      "mae": 0.0,
      "rel_l2": 0.0
    },
    "full_dx_vs_reference": {
      "max_abs": 468.375,
      "mae": 73.74185180664062,
      "rel_l2": 1.3851443554070226
    },
    "full_lora_up_grad_vs_reference": {
      "max_abs": 0.0,
      "mae": 0.0,
      "rel_l2": 0.0
    },
    "full_lora_down_grad_vs_reference": {
      "max_abs": 0.0,
      "mae": 0.0,
      "rel_l2": 0.0
    },
    "full_dx_fused_vs_unfused": {
      "max_abs": 0.25,
      "mae": 0.0038852915167808533,
      "rel_l2": 0.00018563373745760357
    },
    "full_shared_cached_dx_vs_reference": {
      "max_abs": 468.375,
      "mae": 73.74185180664062,
      "rel_l2": 1.3851443554070226
    },
    "full_shared_cached_up_vs_reference": {
      "max_abs": 0.0,
      "mae": 0.0,
      "rel_l2": 0.0
    },
    "full_shared_cached_down_vs_reference": {
      "max_abs": 0.0,
      "mae": 0.0,
      "rel_l2": 0.0
    },
    "full_shared_cached_dx_vs_fused": {
      "max_abs": 0.0625,
      "mae": 1.5585555956931785e-06,
      "rel_l2": 3.2359686583455577e-06
    },
    "full_shared_cached_up_vs_fused": {
      "max_abs": 0.0,
      "mae": 0.0,
      "rel_l2": 0.0
    },
    "full_shared_cached_down_vs_fused": {
      "max_abs": 0.0,
      "mae": 0.0,
      "rel_l2": 0.0
    },
    "decoded_dy_up_vs_reference": {
      "max_abs": 0.25,
      "mae": 0.020544862374663353,
      "rel_l2": 0.00032528552339503876
    },
    "full_shared_packed_dx_vs_reference": {
      "max_abs": 468.375,
      "mae": 73.74185180664062,
      "rel_l2": 1.3851443554070226
    },
    "full_shared_packed_up_vs_reference": {
      "max_abs": 0.0,
      "mae": 0.0,
      "rel_l2": 0.0
    },
    "full_shared_packed_down_vs_reference": {
      "max_abs": 8.0,
      "mae": 0.518049955368042,
      "rel_l2": 0.00042194628271139984
    },
    "full_shared_packed_dx_vs_fused": {
      "max_abs": 0.125,
      "mae": 3.5003176890313625e-06,
      "rel_l2": 5.238766226252352e-06
    },
    "full_shared_packed_up_vs_fused": {
      "max_abs": 0.0,
      "mae": 0.0,
      "rel_l2": 0.0
    },
    "full_shared_packed_down_vs_fused": {
      "max_abs": 8.0,
      "mae": 0.518049955368042,
      "rel_l2": 0.00042194628271139984
    },
    "dual_dy_up_vs_reference": {
      "max_abs": 0.25,
      "mae": 0.02054288238286972,
      "rel_l2": 0.0003252824130165748
    },
    "dual_packed_vs_standard": {
      "max_abs": 0.0001220703125,
      "mae": 1.2128191883675754e-05,
      "rel_l2": 1.3742417597515102e-07
    },
    "full_shared_dual_dx_vs_reference": {
      "max_abs": 468.375,
      "mae": 73.74185180664062,
      "rel_l2": 1.3851443554070226
    },
    "full_shared_dual_up_vs_reference": {
      "max_abs": 0.0,
      "mae": 0.0,
      "rel_l2": 0.0
    },
    "full_shared_dual_down_vs_reference": {
      "max_abs": 8.0,
      "mae": 0.5182702541351318,
      "rel_l2": 0.00042211445538306445
    },
    "full_shared_dual_dx_vs_fused": {
      "max_abs": 0.0625,
      "mae": 1.267959305550903e-06,
      "rel_l2": 2.9438421091324254e-06
    },
    "full_shared_dual_up_vs_fused": {
      "max_abs": 0.0,
      "mae": 0.0,
      "rel_l2": 0.0
    },
    "full_shared_dual_down_vs_fused": {
      "max_abs": 8.0,
      "mae": 0.5182702541351318,
      "rel_l2": 0.00042211445538306445
    }
  },
  "checks": {
    "qweight_roundtrip_exact": true,
    "wscale_roundtrip_exact": true,
    "qweight_bwd_cuda_matches_reference": true,
    "hybrid_dx_fused_vs_unfused_rel_l2_lt_5e-4": true,
    "full_up_rel_l2_lt_1e-5": true,
    "full_down_rel_l2_lt_1e-5": true,
    "full_fused_vs_unfused_dx_rel_l2_lt_5e-4": true,
    "full_shared_cached_dx_matches_fused_rel_l2_lt_5e-4": true,
    "full_shared_cached_up_rel_l2_lt_1e-5": true,
    "full_shared_cached_down_rel_l2_lt_5e-4": true,
    "full_shared_cached_vs_recompute_dx_rel_l2_lt_5e-4": true,
    "full_shared_cached_vs_recompute_down_rel_l2_lt_5e-4": true,
    "decoded_dy_up_rel_l2_lt_5e-4": true,
    "full_shared_packed_dx_matches_fused_rel_l2_lt_5e-4": true,
    "full_shared_packed_up_rel_l2_lt_1e-5": true,
    "full_shared_packed_down_rel_l2_lt_5e-4": true,
    "dual_dy_up_rel_l2_lt_5e-4": true,
    "dual_packed_matches_standard_rel_l2_lt_5e-4": true,
    "full_shared_dual_dx_matches_fused_rel_l2_lt_5e-4": true,
    "full_shared_dual_up_rel_l2_lt_1e-5": true,
    "full_shared_dual_down_rel_l2_lt_5e-4": true,
    "pure_dx_all_finite": true,
    "hybrid_dx_all_finite": true
  },
  "all_passed": true
}