{
  "m": 4096,
  "in_features": 4096,
  "out_features": 4096,
  "rank": 32,
  "dtype": "fp16",
  "repack_ms": 1.3313935995101929,
  "fp16_dx_ms": 0.6084431886672974,
  "fp4_dx_ms": 1.4770304143428803,
  "fp4_dx_hybrid_unfused_ms": 1.571232008934021,
  "fp4_dx_hybrid_fused_ms": 1.5163024127483369,
  "fp16_full_backward_ms": 0.7512655973434448,
  "fp4_full_backward_unfused_ms": 1.632513588666916,
  "fp4_full_backward_fused_ms": 1.5913584053516387,
  "fp4_dx_speedup_vs_fp16": 0.41193680425192136,
  "fp4_dx_hybrid_unfused_speedup_vs_fp16": 0.3872395580077869,
  "fp4_dx_hybrid_fused_speedup_vs_fp16": 0.40126770461604594,
  "fp4_full_backward_unfused_speedup_vs_fp16": 0.46018949095358896,
  "fp4_full_backward_fused_speedup_vs_fp16": 0.4720907589497033,
  "repack_over_fp4_dx": 0.9013989059274178,
  "repack_over_fp4_dx_hybrid_fused": 0.8780528134206473,
  "fp4_dx_mae_vs_fp16": 73.82215881347656,
  "fp4_dx_hybrid_mae_vs_fp16": 73.30429077148438
}