{
  "m": 4096,
  "in_features": 4096,
  "out_features": 4096,
  "rank": 32,
  "dtype": "fp16",
  "repack_python_ms": 1.3384447932243346,
  "repack_ms": 0.04139840006828308,
  "fp16_dx_ms": 0.607651200890541,
  "fp4_dx_ms": 0.18595679923892022,
  "fp4_dx_hybrid_unfused_ms": 0.27186560034751894,
  "fp4_dx_hybrid_fused_ms": 0.22867200076580046,
  "fp16_full_backward_ms": 0.747419199347496,
  "fp4_full_backward_unfused_ms": 0.350025600194931,
  "fp4_full_backward_fused_ms": 0.3130799993872643,
  "fp4_full_backward_shared_recompute_ms": 0.30889759957790375,
  "fp4_full_backward_shared_cached_ms": 0.2927648022770882,
  "fp4_full_backward_shared_packed_ms": 0.2774448022246361,
  "fp4_dx_speedup_vs_fp16": 3.2677009035298634,
  "fp4_dx_hybrid_unfused_speedup_vs_fp16": 2.2351161754697757,
  "fp4_dx_hybrid_fused_speedup_vs_fp16": 2.657304780889553,
  "fp4_full_backward_unfused_speedup_vs_fp16": 2.1353272415824858,
  "fp4_full_backward_fused_speedup_vs_fp16": 2.387310594130211,
  "fp4_full_backward_shared_recompute_speedup_vs_fp16": 2.4196342100709574,
  "fp4_full_backward_shared_cached_speedup_vs_fp16": 2.552968094300143,
  "fp4_full_backward_shared_packed_speedup_vs_fp16": 2.6939383738836105,
  "repack_speedup_vs_python": 32.33083382489868,
  "repack_over_fp4_dx": 0.22262375045019875,
  "repack_over_fp4_dx_hybrid_fused": 0.1810383428213504,
  "repack_python_over_fp4_dx": 7.197611481281089,
  "shared_cached_over_fused_full_backward": 0.9351118016164066,
  "shared_recompute_over_fused_full_backward": 0.986641114675016,
  "shared_packed_over_fused_full_backward": 0.8861786213352159,
  "shared_packed_over_cached_full_backward": 0.9476713049748636,
  "fp4_dx_mae_vs_fp16": 73.82215881347656,
  "fp4_dx_hybrid_mae_vs_fp16": 73.30429077148438
}